b'\xf0\x9f\xa6\x84 Kim hopeless era \xf0\x9f\x8e\x84\xf0\x9f\x8e\x8b',339,2023-04-19 23:57:15+00:00,b'RT @MooniumToken: Fair launching tomorrow at 22:00 UTC Join our telegram group to stay tuned more information in our website\n\nhttps://t.co/\xe2\x80\xa6',1648838200784486400,b'RT : Fair launching tomorrow at :00 UTC Join our telegram group to stay tuned more information in our website\n\n'
b'$100 freetag.',542,2023-04-19 23:54:54+00:00,b'RT @MooniumToken: Fair launching tomorrow at 22:00 UTC Join our telegram group to stay tuned more information in our website\n\nhttps://t.co/\xe2\x80\xa6',1648837610306174976,b'RT : Fair launching tomorrow at :00 UTC Join our telegram group to stay tuned more information in our website\n\n'
b'Wee Blue Ghost',467,2023-04-19 23:54:00+00:00,"b'- \nBTC price: $28,835 / \xc2\xa324,094 \n\n34.68 Naks per USD\n41.5 Naks per GBP\n\nA #Nak is one millionth of a #Bitcoin so it\xe2\x80\xa6 https://t.co/OlfQZdZqmx'",1648837384018993156,"b'- \nBTC price: $28,835 / \xc2\xa324,094 \n\n34.68 Naks per USD\n41.5 Naks per GBP\n\nA is one millionth of a so it\xe2\x80\xa6 '"
b'Vy henituse',774,2023-04-19 23:53:02+00:00,b'RT @MooniumToken: Fair launching tomorrow at 22:00 UTC Join our telegram group to stay tuned more information in our website\n\nhttps://t.co/\xe2\x80\xa6',1648837137457119233,b'RT : Fair launching tomorrow at :00 UTC Join our telegram group to stay tuned more information in our website\n\n'
b'jems || 10 days no win',664,2023-04-19 23:49:30+00:00,b'RT @MooniumToken: Fair launching tomorrow at 22:00 UTC Join our telegram group to stay tuned more information in our website\n\nhttps://t.co/\xe2\x80\xa6',1648836250340827136,b'RT : Fair launching tomorrow at :00 UTC Join our telegram group to stay tuned more information in our website\n\n'
b'Jessie Duval\xe2\x9c\x9d\xef\xb8\x8f',200,2023-04-19 23:44:28+00:00,b'RT @ComstockRoyalty: #BITCOIN CRASHES DOWN $1700.00\n\nGOT SILVER?\nGOT GOLD?\nGOT #MiningStocks ?\n\nSee you at #SilverisMoney on Telegram. http\xe2\x80\xa6',1648834983589445632,b'RT : CRASHES DOWN $1700.00\n\nGOT SILVER?\nGOT GOLD?\nGOT ?\n\nSee you at on Telegram. http\xe2\x80\xa6'
b'Eurexcoin.com',64,2023-04-19 23:43:22+00:00,b'1: Bitcoin price is $29026.99 (-0.53% 1h)\n2: Ethereum price is $1961.10 (-0.66% 1h)\n3: Tether price is $1.00 (0.01%\xe2\x80\xa6 https://t.co/zwIXDlljo3',1648834705364602886,b'1: Bitcoin price is $29026.99 (-0.53% h)\n2: Ethereum price is $1961.10 (-0.66% h)\n3: Tether price is $1.00 (0.01%\xe2\x80\xa6 '
b'by again',857,2023-04-19 23:42:03+00:00,b'RT @MooniumToken: Fair launching tomorrow at 22:00 UTC Join our telegram group to stay tuned more information in our website\n\nhttps://t.co/\xe2\x80\xa6',1648834373624688640,b'RT : Fair launching tomorrow at :00 UTC Join our telegram group to stay tuned more information in our website\n\n'
b'ARMOR OF GOD NEWS',259,2023-04-19 23:41:15+00:00,b'RT @IGSquawk: Top IG 5 Crypto update\nBitcoin 29152.00 -0.33%\nEther 1968.89 -0.61%\nCardano 0.4181 +0%\nDogecoin 0.0881 -1.12%\nPolkadot 6.3711\xe2\x80\xa6',1648834173300350993,b'RT : Top IG Crypto update\nBitcoin %\nEther %\nCardano +0%\nDogecoin %\nPolkadot \xe2\x80\xa6'
b'Wee Blue Ghost',467,2023-04-19 23:40:55+00:00,"b'- \nBTC price: $28,751 / \xc2\xa324,024 \n\n34.78 Naks per USD\n41.62 Naks per GBP\n\nA #Nak is a millionth of a #Bitcoin. \nA\xe2\x80\xa6 https://t.co/pt1McDyAlu'",1648834089288450048,"b'- \nBTC price: $28,751 / \xc2\xa324,024 \n\n34.78 Naks per USD\n41.62 Naks per GBP\n\nA is a millionth of a . \nA\xe2\x80\xa6 '"
b'Nisa',3432,2023-04-19 23:40:02+00:00,b'Your Surprise!\n: 3.58 %\n$juv : 4.20 %\n$nu : 2.79 %\n$fil : 4.00 %\n$tru : 4.43 %\n#bitcoin : 3.89 %\n$uni : 1.16 %\xe2\x80\xa6 https://t.co/mhKUaLSIGP',1648833869313875972,b'Your Surprise!\n: %\n$juv : %\n$nu : %\n$fil : %\n$tru : %\n : %\n$uni : %\xe2\x80\xa6 '
b'Bitcoin Moses',1420,2023-04-19 23:39:42+00:00,b'trade stats\n        date &amp; time: 2023-04-20 00:39:37\n        number trades: 13118\n        number buys: 6576\xe2\x80\xa6 https://t.co/aeZrX9Wmpp',1648833781443248130,b'trade stats\n date &amp; time: -04-20 :39:37\n number trades: \n number buys: \xe2\x80\xa6 '
b'xilena00\xe2\x9a\xa1',796,2023-04-19 23:39:21+00:00,b'RT @THNDRGAMES:  SPECIAL THNDR EVENT \n\nWe want to support Bitcoin Education and what a better way than doing a special event for awareness\xe2\x80\xa6',1648833695392886790,b'RT : SPECIAL THNDR EVENT \n\nWe want to support Bitcoin Education and what a better way than doing a special event for awareness\xe2\x80\xa6'
b'xilena00\xe2\x9a\xa1',796,2023-04-19 23:38:23+00:00,b'RT @Dhi_Crypto: The Winner \n@Bitcoin_vulture @mesanketstha @sethczs_BTC @hakobert @BeinLightning @r0xback @TheZOLA2 @anygvy @alexperexz @Sa\xe2\x80\xa6',1648833451917705217,b'RT : The Winner \n \xe2\x80\xa6'
b'tictoknextblock',319,2023-04-19 23:33:03+00:00,"b'  Block 786171    \n\n  19th Apr 2023, 23:32:14 GMT\n\n  1,108 tx with a value of 3,349.037 \xe2\x82\xbf ($96.09m  )\n\n  distribut\xe2\x80\xa6 https://t.co/feA7SmKrEx'",1648832111451979776,"b' Block \n\n th Apr , :32:14 GMT\n\n tx with a value of \xe2\x82\xbf ($96.09m )\n\n distribut\xe2\x80\xa6 '"
b'Guille \xe2\x9a\xa0\xef\xb8\x8f\xf0\x9f\x89\x90',134,2023-04-19 23:31:34+00:00,b'RT @p0melaus: Giveaway $100.00! #Bitcoin       \n\nRt y fav.   \nFollow @RoobetES\nFollow me in https://t.co/MchjRvDXi2\nTag two friends! https:\xe2\x80\xa6',1648831735889555458,b'RT : Giveaway $100.00! \n\nRt y fav. \nFollow \nFollow me in two friends! httpsxe2\x80\xa6'
b'\xe3\x83\xbedisya',363,2023-04-19 23:30:19+00:00,b'RT @MooniumToken: Fair launching tomorrow at 22:00 UTC Join our telegram group to stay tuned more information in our website\n\nhttps://t.co/\xe2\x80\xa6',1648831422113943555,b'RT : Fair launching tomorrow at :00 UTC Join our telegram group to stay tuned more information in our website\n\n'
b'\xf0\x9f\x87\xb8\xf0\x9f\x87\xbb El Salvador Bitcoin Day Index \xf0\x9f\x87\xb8\xf0\x9f\x87\xbb',506,2023-04-19 23:30:04+00:00,"b'30 USD on #ElSalvador #BitcoinDay got you 63,900 sat. \nNow 63,900 sat are 18.37 USD (-38.76%)\n\n1 BTC = 28,750.80 US\xe2\x80\xa6 https://t.co/19H539YZDC'",1648831358377050112,b'30 USD on got you sat. \nNow sat are USD (-38.76%)\n\n1 BTC = US\xe2\x80\xa6 '
b'\xe2\x80\xbc\xef\xb8\x8fLIVE FEED\xe2\x80\xbc\xef\xb8\x8f#SilverisMoney Patriot on #Telegram',4629,2023-04-19 23:29:57+00:00,b'#BITCOIN CRASHES DOWN $1700.00\n\nGOT SILVER?\nGOT GOLD?\nGOT #MiningStocks ?\n\nSee you at #SilverisMoney on Telegram. https://t.co/B6RbzB6n92',1648831328463511552,b' CRASHES DOWN $1700.00\n\nGOT SILVER?\nGOT GOLD?\nGOT ?\n\nSee you at on Telegram. '
b'Wee Blue Ghost',467,2023-04-19 23:27:50+00:00,"b'- \nBTC price: $28,781 / \xc2\xa324,049 \n\n34.74 Naks per USD\n41.58 Naks per GBP\n \n\U0002B07 \n\nA #Nak is a millionth of a\xe2\x80\xa6 https://t.co/mZdhlFkIKE'",1648830796298371072,"b'- \nBTC price: $28,781 / \xc2\xa324,049 \n\n34.74 Naks per USD\n41.58 Naks per GBP\n \n\U0002B07 \n\nA is a millionth of a\xe2\x80\xa6 '"
b'lowkey \xe2\x99\xaa freetag',2351,2023-04-19 23:14:56+00:00,b'RT @MooniumToken: Fair launching tomorrow at 22:00 UTC Join our telegram group to stay tuned more information in our website\n\nhttps://t.co/\xe2\x80\xa6',1648827550620340225,b'RT : Fair launching tomorrow at :00 UTC Join our telegram group to stay tuned more information in our website\n\n'
b'Wee Blue Ghost',467,2023-04-19 23:14:45+00:00,"b'- \nBTC price: $28,969 / \xc2\xa324,206 \n\n34.52 Naks per USD\n41.31 Naks per GBP\n \n\U0002B07 \n\nOne #Bitcoin = one million\xe2\x80\xa6 https://t.co/i3YCVYskgL'",1648827505992769537,"b'- \nBTC price: $28,969 / \xc2\xa324,206 \n\n34.52 Naks per USD\n41.31 Naks per GBP\n \n\U0002B07 \n\nOne = one million\xe2\x80\xa6 '"
b'Hayat Bretz',32,2023-04-19 23:13:46+00:00,"b'At 09:00 bst, bitcoin (btc) lost $30,000, sinking as low as $29,010 at the time of press. Bears continue piling on\xe2\x80\xa6 https://t.co/vPjUq504vQ'",1648827256280850432,"b'At :00 bst, bitcoin (btc) lost $30,000, sinking as low as $29,010 at the time of press. Bears continue piling on\xe2\x80\xa6 '"
b'Iaan \xe2\x9a\x93\xef\xb8\x8f',201,2023-04-19 23:10:22+00:00,b'RT @p0melaus: Giveaway $100.00! #Bitcoin       \n\nRt y fav.   \nFollow @RoobetES\nFollow me in https://t.co/MchjRvDXi2\nTag two friends! https:\xe2\x80\xa6',1648826403046182912,b'RT : Giveaway $100.00! \n\nRt y fav. \nFollow \nFollow me in two friends! httpsxe2\x80\xa6'
b'eii freetag',267,2023-04-19 23:09:34+00:00,b'RT @MooniumToken: Fair launching tomorrow at 22:00 UTC Join our telegram group to stay tuned more information in our website\n\nhttps://t.co/\xe2\x80\xa6',1648826198758428672,b'RT : Fair launching tomorrow at :00 UTC Join our telegram group to stay tuned more information in our website\n\n'
b'Top Cryptocoins Ticker',963,2023-04-19 23:08:15+00:00,b'1: Bitcoin price is $29026.99 (-0.53% 1h)\n2: Ethereum price is $1961.10 (-0.66% 1h)\n3: Tether price is $1.00 (0.01%\xe2\x80\xa6 https://t.co/Uk9tvsmLEo',1648825870671282177,b'1: Bitcoin price is $29026.99 (-0.53% h)\n2: Ethereum price is $1961.10 (-0.66% h)\n3: Tether price is $1.00 (0.01%\xe2\x80\xa6 '
b'tictoknextblock',319,2023-04-19 23:08:04+00:00,"b'  Block 786167    \n\n  19th Apr 2023, 23:07:17 GMT\n\n  2,462 tx with a value of 5,706.613 \xe2\x82\xbf ($165.80m  )\n\n  distribu\xe2\x80\xa6 https://t.co/PAL0pmI5e0'",1648825822290276352,"b' Block \n\n th Apr , :07:17 GMT\n\n tx with a value of \xe2\x82\xbf ($165.80m )\n\n distribu\xe2\x80\xa6 '"
b'Whales Radar',3286,2023-04-19 23:05:02+00:00,b'#HOTUSDT #HOT \nSignal #10  \n\nLast Signal: 9 mins ago \nBefore: 0.00223300 \nAfter: 0.00221200  (-0.94%) \nVolume Chng:\xe2\x80\xa6 https://t.co/JThbfBSqHT',1648825061267128327,b' \nSignal \n\nLast Signal: mins ago \nBefore: \nAfter: (-0.94%) \nVolume Chngxe2\x80\xa6 '
b'\xe2\x9a\xa1Le0nel \xf0\x9f\x87\xa6\xf0\x9f\x87\xb7\xe2\xad\x90\xe2\xad\x90\xe2\xad\x90',546,2023-04-19 23:04:23+00:00,b'RT @p0melaus: Giveaway $100.00! #Bitcoin       \n\nRt y fav.   \nFollow @RoobetES\nFollow me in https://t.co/MchjRvDXi2\nTag two friends! https:\xe2\x80\xa6',1648824897504960513,b'RT : Giveaway $100.00! \n\nRt y fav. \nFollow \nFollow me in two friends! httpsxe2\x80\xa6'
b'Dr. John \xe2\x9a\xa1\xef\xb8\x8f',509,2023-04-19 23:02:57+00:00,"b'When I first started HODLing #Bitcoin 03/2019 before I started pathology residency, the average closing price that\xe2\x80\xa6 https://t.co/4mwbDVG7rq'",1648824533313265664,"b'When I first started HODLing /2019 before I started pathology residency, the average closing price that\xe2\x80\xa6 '"
b'Wee Blue Ghost',467,2023-04-19 23:01:40+00:00,"b'- \nBTC price: $29,095 / \xc2\xa324,311 \n\n34.37 Naks per USD\n41.13 Naks per GBP\n\nA #Nak is one millionth of a #Bitcoin so i\xe2\x80\xa6 https://t.co/IdiqZhKr7Z'",1648824211723411456,"b'- \nBTC price: $29,095 / \xc2\xa324,311 \n\n34.37 Naks per USD\n41.13 Naks per GBP\n\nA is one millionth of a so i\xe2\x80\xa6 '"
b'EHT10C',31,2023-04-19 23:00:54+00:00,"b'   Wed, 19 Apr 2023 23:00:40 GMT - TOP 10 - $BTC: $29,112.00 +70.94% | $ETH: $1,968.28 +56.69% | $USDT: $1.00 |\xe2\x80\xa6 https://t.co/KlDByjq9U5'",1648824019934756865,"b' Wed, Apr :00:40 GMT - TOP - $BTC: $29,112.00 +70.94% | $ETH: $1,968.28 +56.69% | $USDT: $1.00 |\xe2\x80\xa6 '"
b'EverTry',32,2023-04-19 23:00:18+00:00,"b'Bitcoin price alert 2023-04-20 00:00:18 GMT\nBTC: $29,089\nETH: $1,966\nADA: $0.41779\nDOGE: $0.088063\nLINK: $7.8515\nMA\xe2\x80\xa6 https://t.co/fXUUv9RaRp'",1648823870219259904,"b'Bitcoin price alert -04-20 :00:18 GMT\nBTC: $29,089\nETH: $1,966\nADA: $0.41779\nDOGE: $0.088063\nLINK: $7.8515\nMA\xe2\x80\xa6 '"
b'CoinOK',10383,2023-04-19 23:00:05+00:00,b'1 BTC Price: Bitstamp 29084 USD #BTC #Bitcoin 2023-04-19 19:00 https://t.co/KlhPgHEhOq',1648823815324176391,b'1 BTC Price: Bitstamp USD -04-19 :00 '
b'Julio Medina',5422,2023-04-19 23:00:04+00:00,"b'If you invested your $1,400.00 stimulus check on 03/16/21 when #bitcoin was $55,805.70 your investment is now worth\xe2\x80\xa6 https://t.co/Zw8uPhbtx3'",1648823809569435648,"b'If you invested your $1,400.00 stimulus check on /16/21 when was $55,805.70 your investment is now worth\xe2\x80\xa6 '"
b'Bitcoin TX Fee Rates',2051,2023-04-19 23:00:03+00:00,b'Fastest: 25 sat/vB ($1.02)\nHalf Hour: 16 sat/vB ($0.65)\nHour: 12 sat/vB ($0.49)\nMinimum Fee: 1.00 sat/vB ($0.04)\nPe\xe2\x80\xa6 https://t.co/cXAzVsmt8f',1648823806268506114,b'Fastest: sat/vB ($1.02)\nHalf Hour: sat/vB ($0.65)\nHour: sat/vB ($0.49)\nMinimum Fee: sat/vB ($0.04)\nPe\xe2\x80\xa6 '
b'CarbonaraIndex',93,2023-04-19 23:00:03+00:00,"b'The price of\nSpaghetti alla Carbonara\nis 37,783 Satoshis\nor 0.00037783 BTC\n\n1 BTC = 29,086.90 USD\n1 USD = 3,438 Sat\xe2\x80\xa6 https://t.co/1tNaktJWUz'",1648823804393553920,b'The price of\nSpaghetti alla Carbonara\nis Satoshis\nor BTC\n\n1 BTC = USD\n1 USD = Sat\xe2\x80\xa6 '
b'Big Blockers',3025,2023-04-19 23:00:01+00:00,"b'The current price of Bitcoin is $29112.00.\nThe current price of BCash is $126.06, or 0.00433017 BTC.\nThe current pr\xe2\x80\xa6 https://t.co/eTsAPiI9az'",1648823798794457088,"b'The current price of Bitcoin is $29112.00.\nThe current price of BCash is $126.06, or BTC.\nThe current pr\xe2\x80\xa6 '"
b'Altruist Auctions',33609,2023-04-19 22:55:11+00:00,b'If You Are New To Crypto #NEXO Bank Is A Great Starting Point To Build Wealth. Join NEXO with my link. Top up with\xe2\x80\xa6 https://t.co/RXH7GHo5aV',1648822580470530049,b'If You Are New To Crypto Bank Is A Great Starting Point To Build Wealth. Join NEXO with my link. Top up with\xe2\x80\xa6 '
b'R.J.',13362,2023-04-19 22:47:01+00:00,b'RT @IGSquawk: Top IG 5 Crypto update\nBitcoin 29152.00 -0.33%\nEther 1968.89 -0.61%\nCardano 0.4181 +0%\nDogecoin 0.0881 -1.12%\nPolkadot 6.3711\xe2\x80\xa6',1648820523504226304,b'RT : Top IG Crypto update\nBitcoin %\nEther %\nCardano +0%\nDogecoin %\nPolkadot \xe2\x80\xa6'
b'Eurexcoin.com',64,2023-04-19 22:44:17+00:00,b'1: Bitcoin price is $29191.41 (-0.08% 1h)\n2: Ethereum price is $1974.73 (-0.23% 1h)\n3: Tether price is $1.00 (-0.01\xe2\x80\xa6 https://t.co/fN5grL9lyZ',1648819837324480513,b'1: Bitcoin price is $29191.41 (-0.08% h)\n2: Ethereum price is $1974.73 (-0.23% h)\n3: Tether price is $1.00 (-0.01\xe2\x80\xa6 '
b'Techcratic',6374,2023-04-19 22:42:57+00:00,"b'Your Daily Tech\n\nBitcoin Price Prediction as BTC Falls to $29,000 Support \xe2\x80\x93\xc2\xa0What Happens Next?\xe2\x80\xa6 https://t.co/x37iO9xJTE'",1648819503252250625,"b'Your Daily Tech\n\nBitcoin Price Prediction as BTC Falls to $29,000 Support \xe2\x80\x93\xc2\xa0What Happens Next?\xe2\x80\xa6 '"
b'IGSquawk',69293,2023-04-19 22:41:19+00:00,b'Top IG 5 Crypto update\nBitcoin 29152.00 -0.33%\nEther 1968.89 -0.61%\nCardano 0.4181 +0%\nDogecoin 0.0881 -1.12%\nPolkadot 6.3711 -0.23%',1648819091782901760,b'Top IG Crypto update\nBitcoin %\nEther %\nCardano +0%\nDogecoin %\nPolkadot %'
b'tictoknextblock',319,2023-04-19 22:41:03+00:00,"b'  Block 786163    \n\n  19th Apr 2023, 22:39:50 GMT\n\n  2,321 tx with a value of 35,580.740 \xe2\x82\xbf ($1.04b  )\n\n  distribut\xe2\x80\xa6 https://t.co/WPicu8GgrK'",1648819024191717379,"b' Block \n\n th Apr , :39:50 GMT\n\n tx with a value of \xe2\x82\xbf ($1.04b )\n\n distribut\xe2\x80\xa6 '"
b'h.',215,2023-04-19 22:36:48+00:00,b'RT @MooniumToken: Fair launching tomorrow at 22:00 UTC Join our telegram group to stay tuned more information in our website\n\nhttps://t.co/\xe2\x80\xa6',1648817953159393280,b'RT : Fair launching tomorrow at :00 UTC Join our telegram group to stay tuned more information in our website\n\n'
b'\xf0\x9f\x87\xb8\xf0\x9f\x87\xbb El Salvador Bitcoin Day Index \xf0\x9f\x87\xb8\xf0\x9f\x87\xbb',506,2023-04-19 22:30:04+00:00,"b'30 USD on #ElSalvador #BitcoinDay got you 63,900 sat. \nNow 63,900 sat are 18.59 USD (-38.03%)\n\n1 BTC = 29,093.20 US\xe2\x80\xa6 https://t.co/Mrd5jAgfL2'",1648816258052227074,b'30 USD on got you sat. \nNow sat are USD (-38.03%)\n\n1 BTC = US\xe2\x80\xa6 '
"b'ZGB131425(\xf0\x9f\x92\x99,\xf0\x9f\xa7\xa1)'",69,2023-04-19 22:14:53+00:00,b'RT @BKEXGlobal:  #BKEX New Listing | @pepecoineth\n\n#PEPE/USDT will get listed on #BKEX \n\n Supported network: ERC20\n Trade: 22:00 on Apr. 19\xe2\x80\xa6',1648812439524507648,b'RT : New Listing | \n\n/USDT will get listed on \n\n Supported network: ERC20\n Trade: :00 on Apr. \xe2\x80\xa6'
"""b""""It's simple""""""",21,2023-04-19 22:13:05+00:00,"b'RT @Monetha_io: #Bitcoin giveaway!\n\nWe are giving away 10,000 Monetha points (\xe2\x89\x8833,500 SATS) to a random follower!\n\n1. Like &amp; Share this twe\xe2\x80\xa6'",1648811984626896898,"b'RT : giveaway!\n\nWe are giving away Monetha points (\xe2\x89\x8833,500 SATS) to a random follower!\n\n1. Like &amp; Share this twe\xe2\x80\xa6'"
b'Top Cryptocoins Ticker',963,2023-04-19 22:08:15+00:00,b'1: Bitcoin price is $29191.41 (-0.08% 1h)\n2: Ethereum price is $1974.73 (-0.23% 1h)\n3: Tether price is $1.00 (-0.01\xe2\x80\xa6 https://t.co/1LHiqLPOJX',1648810770505801728,b'1: Bitcoin price is $29191.41 (-0.08% h)\n2: Ethereum price is $1974.73 (-0.23% h)\n3: Tether price is $1.00 (-0.01\xe2\x80\xa6 '
b'Zachary A. Atkins',25095,2023-04-19 22:03:11+00:00,b'If You Are New To Crypto #NEXO Bank Is A Great Starting Point To Build Wealth. Join NEXO with my link. Top up with\xe2\x80\xa6 https://t.co/7k3oBHS6WH',1648809495869501441,b'If You Are New To Crypto Bank Is A Great Starting Point To Build Wealth. Join NEXO with my link. Top up with\xe2\x80\xa6 '
b'btcdailyreturn',42,2023-04-19 22:02:23+00:00,b'\xe2\x82\xbf #BTC close price for 4h tf is 29153.65 USD (-0.25%). Highest: 30413.53 USD. Lowest: 28813.88 USD. Price is 1.18%\xe2\x80\xa6 https://t.co/S1XewbQr0L',1648809292969984004,b'\xe2\x82\xbf close price for h tf is USD (-0.25%). Highest: USD. Lowest: USD. Price is %\xe2\x80\xa6 '
b'EHT10C',31,2023-04-19 22:01:03+00:00,"b'   Wed, 19 Apr 2023 22:00:42 GMT - TOP 10 - $BTC: $29,132.00 +71.06% | $ETH: $1,972.10 +56.99% | $USDT: $1.00 |\xe2\x80\xa6 https://t.co/plqQnVwdbO'",1648808957287321601,"b' Wed, Apr :00:42 GMT - TOP - $BTC: $29,132.00 +71.06% | $ETH: $1,972.10 +56.99% | $USDT: $1.00 |\xe2\x80\xa6 '"
b'\xf0\x9d\x90\xa7\xf0\x9d\x90\xa8\xf0\x9d\x90\xab\xf0\x9d\x90\x9a \xf0\x9d\x90\x9f\xf0\x9d\x90\xab\xf0\x9d\x90\x9e\xf0\x9d\x90\x9e\xf0\x9d\x90\xad\xf0\x9d\x90\x9a\xf0\x9d\x90\xa0',575,2023-04-19 22:01:00+00:00,b'RT @MooniumToken: Fair launching tomorrow at 22:00 UTC Join our telegram group to stay tuned more information in our website\n\nhttps://t.co/\xe2\x80\xa6',1648808943899246594,b'RT : Fair launching tomorrow at :00 UTC Join our telegram group to stay tuned more information in our website\n\n'
b'CoinOK',10383,2023-04-19 22:00:19+00:00,b'1 BTC Price: Bitstamp 29185 USD #BTC #Bitcoin 2023-04-19 18:00 https://t.co/88BsP44FnC',1648808774008975360,b'1 BTC Price: Bitstamp USD -04-19 :00 '
b'EverTry',32,2023-04-19 22:00:11+00:00,"b'Bitcoin price alert 2023-04-19 23:00:10 GMT\nBTC: $29,171\nETH: $1,976\nADA: $0.41893\nDOGE: $0.088235\nLINK: $7.8948\nMA\xe2\x80\xa6 https://t.co/QhuRjXisIl'",1648808737501777920,"b'Bitcoin price alert -04-19 :00:10 GMT\nBTC: $29,171\nETH: $1,976\nADA: $0.41893\nDOGE: $0.088235\nLINK: $7.8948\nMA\xe2\x80\xa6 '"
b'Bitcoin TX Fee Rates',2051,2023-04-19 22:00:03+00:00,"b'Fastest: 8 sat/vB ($0.33)\nHalf Hour: 8 sat/vB ($0.33)\nHour: 8 sat/vB ($0.33)\nMinimum Fee: 1.00 sat/vB ($0.04)\nPending Transactions: 11,814'",1648808706925002754,b'Fastest: sat/vB ($0.33)\nHalf Hour: sat/vB ($0.33)\nHour: sat/vB ($0.33)\nMinimum Fee: sat/vB ($0.04)\nPending Transactions: '
b'CarbonaraIndex',93,2023-04-19 22:00:03+00:00,"b'The price of\nSpaghetti alla Carbonara\nis 37,675 Satoshis\nor 0.00037675 BTC\n\n1 BTC = 29,170.40 USD\n1 USD = 3,428 Sat\xe2\x80\xa6 https://t.co/J7MVKOKQDV'",1648808706488905729,b'The price of\nSpaghetti alla Carbonara\nis Satoshis\nor BTC\n\n1 BTC = USD\n1 USD = Sat\xe2\x80\xa6 '
b'bitcointicker.co',4205,2023-04-19 22:00:03+00:00,b'One Bitcoin now worth $29178.00@bitstamp. High $30423.000. Low $28837.000. Market Cap $564.624 Billion #bitcoin https://t.co/4IoafY1Jzb',1648808704937017346,b'One Bitcoin now worth $29178.00. High $30423.000. Low $28837.000. Market Cap $564.624 Billion '
b'bitcointicker.co',4205,2023-04-19 22:00:03+00:00,b'One Bitcoin now worth $29178.00@bitstamp. High $30423.000. Low $28837.000. Market Cap $564.624 Billion #bitcoin',1648808704500801539,b'One Bitcoin now worth $29178.00. High $30423.000. Low $28837.000. Market Cap $564.624 Billion '
b'ProBuyOnline',27,2023-04-19 22:00:02+00:00,b'Popular crypto latest prices:\n $BTC 29132.00\n $ETH 1972.10\n $DOGE 0.088365\n $SOL 23.03\n $SHIBA 0.000011\n $ADA 0.418\xe2\x80\xa6 https://t.co/BsaGAbDvil',1648808700235202562,b'Popular crypto latest pricesn $BTC \n $ETH \n $DOGE \n $SOL \n $SHIBA \n $ADA \xe2\x80\xa6 '
b'Big Blockers',3025,2023-04-19 22:00:02+00:00,"b'The current price of Bitcoin is $29132.00.\nThe current price of BCash is $126.38, or 0.00433818 BTC.\nThe current pr\xe2\x80\xa6 https://t.co/5w52uFAs65'",1648808699660754944,"b'The current price of Bitcoin is $29132.00.\nThe current price of BCash is $126.38, or BTC.\nThe current pr\xe2\x80\xa6 '"
b'Kenny Walker',531,2023-04-19 21:55:31+00:00,b'@Carissa1177 \xe2\x80\x9cHey baby.. you have interesting tweets and are so beautiful!.. can I tell you how I make extra money\xe2\x80\xa6 https://t.co/Y50yUhr0vs',1648807566531543042,b' \xe2\x80\x9cHey baby.. you have interesting tweets and are so beautiful!.. can I tell you how I make extra money\xe2\x80\xa6 '
b'd\xf0\x9f\x8d\x90',131,2023-04-19 21:54:22+00:00,b'RT @MooniumToken: Fair launching tomorrow at 22:00 UTC Join our telegram group to stay tuned more information in our website\n\nhttps://t.co/\xe2\x80\xa6',1648807273794531328,b'RT : Fair launching tomorrow at :00 UTC Join our telegram group to stay tuned more information in our website\n\n'
b'Eurexcoin.com',64,2023-04-19 21:43:45+00:00,b'1: Bitcoin price is $29182.19 (-0.15% 1h)\n2: Ethereum price is $1975.67 (-0.14% 1h)\n3: Tether price is $1.00 (0.00%\xe2\x80\xa6 https://t.co/QbY9RuwZqG',1648804604715442181,b'1: Bitcoin price is $29182.19 (-0.15% h)\n2: Ethereum price is $1975.67 (-0.14% h)\n3: Tether price is $1.00 (0.00%\xe2\x80\xa6 '
b'bigwin please \xf0\x9f\x8d\x80',218,2023-04-19 21:42:20+00:00,b'RT @MooniumToken: Fair launching tomorrow at 22:00 UTC Join our telegram group to stay tuned more information in our website\n\nhttps://t.co/\xe2\x80\xa6',1648804245888696321,b'RT : Fair launching tomorrow at :00 UTC Join our telegram group to stay tuned more information in our website\n\n'
b'bigwin when',991,2023-04-19 21:41:35+00:00,b'RT @MooniumToken: Fair launching tomorrow at 22:00 UTC Join our telegram group to stay tuned more information in our website\n\nhttps://t.co/\xe2\x80\xa6',1648804059397357569,b'RT : Fair launching tomorrow at :00 UTC Join our telegram group to stay tuned more information in our website\n\n'
b'Batdoge\xf0\x9f\xa6\x87',374,2023-04-19 21:35:56+00:00,b'RT @MooniumToken: Fair launching tomorrow at 22:00 UTC Join our telegram group to stay tuned more information in our website\n\nhttps://t.co/\xe2\x80\xa6',1648802636399779840,b'RT : Fair launching tomorrow at :00 UTC Join our telegram group to stay tuned more information in our website\n\n'
b'Carmando',60,2023-04-19 21:35:22+00:00,b'RT @MooniumToken: Fair launching tomorrow at 22:00 UTC Join our telegram group to stay tuned more information in our website\n\nhttps://t.co/\xe2\x80\xa6',1648802492992614400,b'RT : Fair launching tomorrow at :00 UTC Join our telegram group to stay tuned more information in our website\n\n'
b'gringotrader',36,2023-04-19 21:34:56+00:00,b'RT @BKEXGlobal:  #BKEX New Listing | @BCGGamesStudio\n\n#BCG/USDT will get listed on #BKEX \n\n Supported network: BEP20\n Trade: 18:00 on Apr.\xe2\x80\xa6',1648802385366482950,b'RT : New Listing | \n\n/USDT will get listed on \n\n Supported network: BEP20\n Trade: :00 on Apr.\xe2\x80\xa6'
b'tictoknextblock',319,2023-04-19 21:34:04+00:00,"b'  Block 786159    \n\n  19th Apr 2023, 21:33:33 GMT\n\n  3,695 tx with a value of 9,725.239 \xe2\x82\xbf ($282.26m  )\n\n  distribu\xe2\x80\xa6 https://t.co/NPLtirgsh4'",1648802167510429696,"b' Block \n\n th Apr , :33:33 GMT\n\n tx with a value of \xe2\x82\xbf ($282.26m )\n\n distribu\xe2\x80\xa6 '"
b'\xf0\x9f\x87\xb8\xf0\x9f\x87\xbb El Salvador Bitcoin Day Index \xf0\x9f\x87\xb8\xf0\x9f\x87\xbb',506,2023-04-19 21:30:06+00:00,"b'30 USD on #ElSalvador #BitcoinDay got you 63,900 sat. \nNow 63,900 sat are 18.58 USD (-38.08%)\n\n1 BTC = 29,066.00 US\xe2\x80\xa6 https://t.co/GiAqev0RTS'",1648801166564663297,b'30 USD on got you sat. \nNow sat are USD (-38.08%)\n\n1 BTC = US\xe2\x80\xa6 '
b'Bitcoin updates',7064,2023-04-19 21:28:21+00:00,"b'The $BTC price is at $29,133.52 right now.\n  Compared to the last tweet, the price has dropped by $65.08 (0.22%).\n \xe2\x80\xa6 https://t.co/T7ZDap9mJl'",1648800726355779586,"b'The $BTC price is at $29,133.52 right now.\n Compared to the last tweet, the price has dropped by $65.08 (0.22%).\n \xe2\x80\xa6 '"
b'Endeavor54 \xf0\x9f\xa6\x87\xf0\x9f\x94\x8a\xf0\x9f\x90\xbc\xe2\x9a\x94\xef\xb8\x8f\xf0\x9f\x91\x90\xf0\x9f\x8f\x88\xf0\x9f\xa6\xb8',14884,2023-04-19 21:25:43+00:00,b'RT @BKEXGlobal:  #BKEX New Listing | @pepecoineth\n\n#PEPE/USDT will get listed on #BKEX \n\n Supported network: ERC20\n Trade: 22:00 on Apr. 19\xe2\x80\xa6',1648800064704327680,b'RT : New Listing | \n\n/USDT will get listed on \n\n Supported network: ERC20\n Trade: :00 on Apr. \xe2\x80\xa6'
b'Bitcoin Price Ticker',189,2023-04-19 21:25:04+00:00,b'1\xe2\x82\xbf = $29141 -4.00% \n\nDetails:\nChange:  -1214.02$\n24H Low = $29159 \n24H High = $30415 \n\n#bitcoin #btc',1648799901642285059,b'1\xe2\x82\xbf = $29141 % \n\nDetailsnChange: $\n24H Low = $29159 \n24H High = $30415 \n\n '
b'zeed | pengen bigwin',248,2023-04-19 21:24:00+00:00,b'RT @MooniumToken: Fair launching tomorrow at 22:00 UTC Join our telegram group to stay tuned more information in our website\n\nhttps://t.co/\xe2\x80\xa6',1648799634226302977,b'RT : Fair launching tomorrow at :00 UTC Join our telegram group to stay tuned more information in our website\n\n'
b'\xf0\x9f\x8c\xbb\xf0\x9f\x92\xab - freetag!!',796,2023-04-19 21:21:52+00:00,b'RT @MooniumToken: Fair launching tomorrow at 22:00 UTC Join our telegram group to stay tuned more information in our website\n\nhttps://t.co/\xe2\x80\xa6',1648799096357158912,b'RT : Fair launching tomorrow at :00 UTC Join our telegram group to stay tuned more information in our website\n\n'
b'Jangkr1k',82,2023-04-19 21:20:51+00:00,b'RT @MooniumToken: Fair launching tomorrow at 22:00 UTC Join our telegram group to stay tuned more information in our website\n\nhttps://t.co/\xe2\x80\xa6',1648798839812530178,b'RT : Fair launching tomorrow at :00 UTC Join our telegram group to stay tuned more information in our website\n\n'
b'MurphyNFT',286,2023-04-19 21:20:12+00:00,b'RT @MooniumToken: Fair launching tomorrow at 22:00 UTC Join our telegram group to stay tuned more information in our website\n\nhttps://t.co/\xe2\x80\xa6',1648798677924823042,b'RT : Fair launching tomorrow at :00 UTC Join our telegram group to stay tuned more information in our website\n\n'
b'Liq Map \xf0\x9f\xa4\x96',320,2023-04-19 21:19:46+00:00,b'#bitcoin   liq zones for upper short and lower long positions as of \n\n 00:19 on 19.04.2023!  \n \n  @hyblockcapital &amp;\xe2\x80\xa6 https://t.co/3Nc4A06sQl',1648798568356904960,b' liq zones for upper short and lower long positions as of \n\n :19 on ! \n \n &ampxe2\x80\xa6 '
b'Happy Eid Mubarak \xf0\x9f\x99\x8f\xf0\x9f\x8f\xbb',198,2023-04-19 21:17:06+00:00,b'RT @MooniumToken: Fair launching tomorrow at 22:00 UTC Join our telegram group to stay tuned more information in our website\n\nhttps://t.co/\xe2\x80\xa6',1648797895955714050,b'RT : Fair launching tomorrow at :00 UTC Join our telegram group to stay tuned more information in our website\n\n'
b'\xf0\x9f\xaa\xb8NgTika\xf0\x9f\xaa\xb8',461,2023-04-19 21:16:59+00:00,b'RT @MooniumToken: Fair launching tomorrow at 22:00 UTC Join our telegram group to stay tuned more information in our website\n\nhttps://t.co/\xe2\x80\xa6',1648797869405790210,b'RT : Fair launching tomorrow at :00 UTC Join our telegram group to stay tuned more information in our website\n\n'
b'yaya',216,2023-04-19 21:16:50+00:00,b'RT @MooniumToken: Fair launching tomorrow at 22:00 UTC Join our telegram group to stay tuned more information in our website\n\nhttps://t.co/\xe2\x80\xa6',1648797830872698880,b'RT : Fair launching tomorrow at :00 UTC Join our telegram group to stay tuned more information in our website\n\n'
b'AndyNFT',188,2023-04-19 21:16:05+00:00,b'RT @MooniumToken: Fair launching tomorrow at 22:00 UTC Join our telegram group to stay tuned more information in our website\n\nhttps://t.co/\xe2\x80\xa6',1648797641667493889,b'RT : Fair launching tomorrow at :00 UTC Join our telegram group to stay tuned more information in our website\n\n'
b'Top Cryptocoins Ticker',963,2023-04-19 21:08:15+00:00,b'1: Bitcoin price is $29182.19 (-0.15% 1h)\n2: Ethereum price is $1975.67 (-0.14% 1h)\n3: Tether price is $1.00 (0.00%\xe2\x80\xa6 https://t.co/Li8xSKSQqO',1648795670482939905,b'1: Bitcoin price is $29182.19 (-0.15% h)\n2: Ethereum price is $1975.67 (-0.14% h)\n3: Tether price is $1.00 (0.00%\xe2\x80\xa6 '
b'Gmweb3.tez',253,2023-04-19 21:06:18+00:00,b'RT @BKEXGlobal:  #BKEX New Listing | @pepecoineth\n\n#PEPE/USDT will get listed on #BKEX \n\n Supported network: ERC20\n Trade: 22:00 on Apr. 19\xe2\x80\xa6',1648795179661533184,b'RT : New Listing | \n\n/USDT will get listed on \n\n Supported network: ERC20\n Trade: :00 on Apr. \xe2\x80\xa6'
b'tictoknextblock',319,2023-04-19 21:01:04+00:00,"b'  Block 786157    \n\n  19th Apr 2023, 21:00:19 GMT\n\n  1,887 tx with a value of 3,611.010 \xe2\x82\xbf ($105.63m  )\n\n  distribu\xe2\x80\xa6 https://t.co/nbSIeLRuSI'",1648793864197767168,"b' Block \n\n th Apr , :00:19 GMT\n\n tx with a value of \xe2\x82\xbf ($105.63m )\n\n distribu\xe2\x80\xa6 '"
b'EHT10C',31,2023-04-19 21:01:01+00:00,"b'   Wed, 19 Apr 2023 21:00:41 GMT - TOP 10 - $BTC: $29,242.00 +71.7% | $ETH: $1,980.51 +57.66% | $USDT: $1.00 | $BNB\xe2\x80\xa6 https://t.co/gHrCk2scga'",1648793849811091458,"b' Wed, Apr :00:41 GMT - TOP - $BTC: $29,242.00 +71.7% | $ETH: $1,980.51 +57.66% | $USDT: $1.00 | $BNB\xe2\x80\xa6 '"
b'EverTry',32,2023-04-19 21:00:47+00:00,"b'Bitcoin price alert 2023-04-19 22:00:46 GMT\nBTC: $29,240\nETH: $1,980\nADA: $0.41827\nDOGE: $0.089111\nLINK: $7.9584\nMA\xe2\x80\xa6 https://t.co/22xzEE9Poe'",1648793789023289345,"b'Bitcoin price alert -04-19 :00:46 GMT\nBTC: $29,240\nETH: $1,980\nADA: $0.41827\nDOGE: $0.089111\nLINK: $7.9584\nMA\xe2\x80\xa6 '"
b'btcdailyreturn',42,2023-04-19 21:00:45+00:00,b'\xe2\x82\xbf #BTC close price for 4h tf is 29228.08 USD (0.00%). Highest: 30413.53 USD. Lowest: 29000.00 USD. Price is 0.79% a\xe2\x80\xa6 https://t.co/4DlD276Tal',1648793780655357953,b'\xe2\x82\xbf close price for h tf is USD (0.00%). Highest: USD. Lowest: USD. Price is % a\xe2\x80\xa6 '
b'CoinOK',10383,2023-04-19 21:00:15+00:00,b'1 BTC Price: Bitstamp 29245 USD #BTC #Bitcoin 2023-04-19 17:00 https://t.co/ReMhupwR14',1648793657104035840,b'1 BTC Price: Bitstamp USD -04-19 :00 '
b'CarbonaraIndex',93,2023-04-19 21:00:04+00:00,"b'The price of\nSpaghetti alla Carbonara\nis 37,567 Satoshis\nor 0.00037567 BTC\n\n1 BTC = 29,254.40 USD\n1 USD = 3,418 Sat\xe2\x80\xa6 https://t.co/RtXbWNIi9F'",1648793609125130242,b'The price of\nSpaghetti alla Carbonara\nis Satoshis\nor BTC\n\n1 BTC = USD\n1 USD = Sat\xe2\x80\xa6 '
b'Bitcoin TX Fee Rates',2051,2023-04-19 21:00:03+00:00,b'Fastest: 19 sat/vB ($0.78)\nHalf Hour: 13 sat/vB ($0.53)\nHour: 10 sat/vB ($0.41)\nMinimum Fee: 1.00 sat/vB ($0.04)\nPe\xe2\x80\xa6 https://t.co/0kvzziT1sb',1648793606109425664,b'Fastest: sat/vB ($0.78)\nHalf Hour: sat/vB ($0.53)\nHour: sat/vB ($0.41)\nMinimum Fee: sat/vB ($0.04)\nPe\xe2\x80\xa6 '
b'Big Blockers',3025,2023-04-19 21:00:02+00:00,"b'The current price of Bitcoin is $29242.00.\nThe current price of BCash is $126.72, or 0.00433349 BTC.\nThe current pr\xe2\x80\xa6 https://t.co/GlEaE0xa1k'",1648793602292850689,"b'The current price of Bitcoin is $29242.00.\nThe current price of BCash is $126.72, or BTC.\nThe current pr\xe2\x80\xa6 '"
b'tictoknextblock',319,2023-04-19 20:46:03+00:00,"b'  Block 786155    \n\n  19th Apr 2023, 20:45:40 GMT\n\n  2,882 tx with a value of 5,367.651 \xe2\x82\xbf ($156.90m  )\n\n  distribu\xe2\x80\xa6 https://t.co/EZ31a1f5vR'",1648790084253282304,"b' Block \n\n th Apr , :45:40 GMT\n\n tx with a value of \xe2\x82\xbf ($156.90m )\n\n distribu\xe2\x80\xa6 '"
b'Eurexcoin.com',64,2023-04-19 20:44:10+00:00,b'1: Bitcoin price is $29207.39 (-0.25% 1h)\n2: Ethereum price is $1977.06 (-0.11% 1h)\n3: Tether price is $1.00 (-0.01\xe2\x80\xa6 https://t.co/nZeU2UHs5s',1648789610321829888,b'1: Bitcoin price is $29207.39 (-0.25% h)\n2: Ethereum price is $1977.06 (-0.11% h)\n3: Tether price is $1.00 (-0.01\xe2\x80\xa6 '
b'sebastian gomez rodriguez',7,2023-04-19 20:42:48+00:00,"""b""""RT @olvelez007: Do you want to know what's in my portfolio? Do you want to know what I believe is the opportunity of a lifetime? Here's the\xe2\x80\xa6""""""",1648789265885560832,"""b""""RT : Do you want to know what's in my portfolio? Do you want to know what I believe is the opportunity of a lifetime? Here's the\xe2\x80\xa6"""""""
b'Tom Quintana',95,2023-04-19 20:35:12+00:00,b'RT @BKEXGlobal:  #BKEX New Listing | @pepecoineth\n\n#PEPE/USDT will get listed on #BKEX \n\n Supported network: ERC20\n Trade: 22:00 on Apr. 19\xe2\x80\xa6',1648787354348408835,b'RT : New Listing | \n\n/USDT will get listed on \n\n Supported network: ERC20\n Trade: :00 on Apr. \xe2\x80\xa6'
b'\xf0\x9f\x87\xb8\xf0\x9f\x87\xbb El Salvador Bitcoin Day Index \xf0\x9f\x87\xb8\xf0\x9f\x87\xbb',506,2023-04-19 20:30:05+00:00,"b'30 USD on #ElSalvador #BitcoinDay got you 63,900 sat. \nNow 63,900 sat are 18.67 USD (-37.76%)\n\n1 BTC = 29,222.70 US\xe2\x80\xa6 https://t.co/HtMHFWuJfR'",1648786065308647428,b'30 USD on got you sat. \nNow sat are USD (-37.76%)\n\n1 BTC = US\xe2\x80\xa6 '
b'tictoknextblock',319,2023-04-19 20:29:05+00:00,"b'  Block 786151    \n\n  19th Apr 2023, 20:28:52 GMT\n\n  1,203 tx with a value of 2,247.167 \xe2\x82\xbf ($65.74m  )\n\n  distribut\xe2\x80\xa6 https://t.co/d97VSuN9lq'",1648785815361961985,"b' Block \n\n th Apr , :28:52 GMT\n\n tx with a value of \xe2\x82\xbf ($65.74m )\n\n distribut\xe2\x80\xa6 '"
b'Mute.io Customer Support',1354,2023-04-19 20:24:41+00:00,b'RT @BKEXGlobal:  #BKEX New Listing  \n\n#BKEX will list #MUTE/#USDT    @mute_io\n- Deposit: Opened\n- Trade: 20:00 on Nov 27 (UTC+8)\n- Withdraw\xe2\x80\xa6',1648784704349569026,b'RT : New Listing \n\n will list / \n- Deposit: Opened\n- Trade: :00 on Nov (UTC+8)\n- Withdraw\xe2\x80\xa6'
